{"message": "ERROR: Hidden Testcases server unreachable.", "problem_id": "ads1_m2_a1", "user_id": "navin106", "score": {"sample": {"0": {"passed": true, "execution_time": 0.13114523887634277}, "1": {"passed": true, "execution_time": 0.15015840530395508}, "2": {"passed": true, "execution_time": 0.10209870338439941}, "3": {"passed": true, "execution_time": 0.18814921379089355}, "4": {"passed": true, "execution_time": 0.17833638191223145}, "5": {"passed": true, "execution_time": 0.15259265899658203}, "6": {"passed": true, "execution_time": 0.09619998931884766}, "7": {"passed": true, "execution_time": 0.15397191047668457}, "8": {"passed": true, "execution_time": 0.1010274887084961}, "9": {"passed": true, "execution_time": 0.09938645362854004}, "10": {"passed": true, "execution_time": 0.22540688514709473}, "11": {"passed": true, "execution_time": 0.1498703956604004}, "12": {"passed": true, "execution_time": 0.11515164375305176}, "13": {"passed": true, "execution_time": 0.11723089218139648}, "14": {"passed": true, "execution_time": 0.10750222206115723}, "15": {"passed": true, "execution_time": 0.13187098503112793}, "16": {"passed": true, "execution_time": 0.21997618675231934}, "17": {"passed": true, "execution_time": 0.1479506492614746}, "18": {"passed": true, "execution_time": 0.1878490447998047}, "19": {"passed": true, "execution_time": 0.22731566429138184}, "20": {"passed": true, "execution_time": 0.22348999977111816}, "21": {"passed": true, "execution_time": 0.1056063175201416}, "22": {"passed": true, "execution_time": 0.14795207977294922}, "23": {"passed": true, "execution_time": 0.17022037506103516}}}, "version": "1", "check_style_score": "1/1"}